data,time_start,time_stop,count_move,caps_num,size_rect,count_rect,screen
20200101,010101,010101,0,0.0,0,0,none
20200426,060649,063654,51975,1775691.3333333335,33132.5,88,20200426-060649-063654.jpg
20200426,063659,070704,51433,1797131.3333333335,49266.5,65,20200426-063659-070704.jpg
20200426,070709,073714,10,1804852.6666666667,116.5,2,20200426-070709-073714.jpg
20200426,073719,080724,17847,1807155.6666666667,10597.0,45,20200426-073719-080724.jpg
20200426,080729,083734,17108,1805900.0,1272.5,8,20200426-080729-083734.jpg
20200426,083739,090744,973,1804848.0000000002,737.5,20,20200426-083739-090744.jpg
20200426,090749,093754,0,1804460.0,0,0,none
20200426,100823,103828,4655,1795183.6666666667,632.5,9,20200426-100823-103828.jpg
20200426,103833,110838,2570,1809130.0,2992.5,23,20200426-103833-110838.jpg
20200426,110843,113848,13136,1797951.0,21434.5,55,20200426-110843-113848.jpg
20200426,113853,120858,2445,1800058.3333333335,245.0,8,20200426-113853-120858.jpg
20200426,120903,123908,934,1804233.3333333333,914.0,19,20200426-120903-123908.jpg
20200426,123913,130918,26038,1802126.6666666667,23794.5,50,20200426-123913-130918.jpg
20200426,130923,133928,38303,1803639.0000000002,34718.5,81,20200426-130923-133928.jpg
20200426,140641,143646,53383,1780956.0000000002,118864.0,92,20200426-140641-143646.jpg
20200426,143651,150656,39234,1804668.6666666667,55354.0,65,20200426-143651-150656.jpg
20200426,150701,153706,52878,1803151.6666666667,36245.5,74,20200426-150701-153706.jpg
20200426,153711,160716,37313,1805177.3333333333,36479.5,59,20200426-153711-160716.jpg
20200426,160721,163726,3285,1807381.6666666667,36254.5,52,20200426-160721-163726.jpg
20200426,163731,170736,17912,1802303.3333333335,27093.0,20,20200426-163731-170736.jpg
20200426,170741,173746,90,1796456.3333333335,134.5,1,20200426-170741-173746.jpg
20200426,180714,183719,25646,1801894.3333333335,218.5,1,20200426-180714-183719.jpg
20200426,183724,190729,0,1802809.3333333333,0,0,none
20200426,190734,193739,0,1796381.3333333335,0,0,none
20200426,193744,200749,40939,1803693.0,139720.0,63,20200426-193744-200749.jpg
20200426,200754,203759,41121,1794127.0000000002,25793.5,32,20200426-200754-203759.jpg
20200426,203804,210809,35,1807474.3333333333,233.0,1,20200426-203804-210809.jpg
20200426,210814,213819,0,1797786.3333333335,0,0,none
20200426,213822,220827,0,1806326.3333333335,0,0,none
20200426,220832,223837,0,1807160.0,0,0,none
20200426,223842,230847,0,1806530.3333333335,0,0,none
20200426,230852,233857,0,1805700.3333333335,0,0,none
20200426,233902,000002,0,1259523.6666666667,0,0,none
20200427,000007,003012,0,1800422.3333333335,0,0,none
20200427,021324,024329,0,1806906.3333333333,0,0,none
20200427,024334,031339,0,1809289.3333333335,0,0,none
20200427,031344,034349,0,1806753.3333333333,0,0,none
20200427,034354,041359,0,1802345.0,0,0,none
20200427,041404,044409,41215,1808640.3333333335,109429.0,29,20200427-041404-044409.jpg
20200427,044414,051419,53179,1804403.0,139720.0,61,20200427-044414-051419.jpg
20200427,051424,054429,3531,1806619.3333333333,226.0,4,20200427-051424-054429.jpg
20200427,060725,063730,30615,1790255.0,49226.0,73,20200427-060725-063730.jpg
20200427,063735,070740,52102,1796952.3333333335,49786.0,79,20200427-063735-070740.jpg
20200427,070745,073750,53237,1799516.3333333335,16852.5,101,20200427-070745-073750.jpg
20200427,073755,080800,50998,1793517.6666666667,13519.5,89,20200427-073755-080800.jpg
20200427,080805,083810,51264,1798719.6666666667,19122.5,104,20200427-080805-083810.jpg
20200427,083815,090820,53638,1801372.6666666667,28290.0,112,20200427-083815-090820.jpg
20200427,090825,093830,51757,1808374.6666666667,19421.0,100,20200427-090825-093830.jpg
20200427,100855,103900,53051,1804880.3333333335,32324.0,117,20200427-100855-103900.jpg
20200427,103905,110910,53739,1804770.0,44720.0,102,20200427-103905-110910.jpg
20200427,110915,113920,53161,1802454.6666666667,43335.5,95,20200427-110915-113920.jpg
20200427,113925,120930,52614,1798259.0,46527.0,89,20200427-113925-120930.jpg
20200427,120935,123940,53081,1793526.0,62190.5,81,20200427-120935-123940.jpg
20200427,123945,130950,54089,1808727.3333333335,59414.0,78,20200427-123945-130950.jpg
20200427,130955,134000,51991,1795614.0,42113.0,65,20200427-130955-134000.jpg
20200427,140623,143628,51875,1794058.3333333335,63696.5,76,20200427-140623-143628.jpg
20200427,143633,150638,53884,1797544.3333333335,39261.0,76,20200427-143633-150638.jpg
20200427,150643,153648,52377,1792340.6666666667,34920.0,59,20200427-150643-153648.jpg
20200427,153653,160658,53160,1800886.6666666667,37851.0,65,20200427-153653-160658.jpg
20200427,160703,163708,53724,1808377.6666666667,36148.0,49,20200427-160703-163708.jpg
20200427,163713,170718,53268,1782658.3333333335,28997.5,38,20200427-163713-170718.jpg
20200427,170723,173728,50382,1760254.3333333333,35068.5,32,20200427-170723-173728.jpg
20200427,180752,183757,46807,1799724.0000000002,505.5,3,20200427-180752-183757.jpg
20200427,183802,190807,5,1806353.3333333335,111.5,1,20200427-183802-190807.jpg
20200427,190812,193817,18254,1804350.3333333333,536.5,2,20200427-190812-193817.jpg
20200427,193822,200827,45562,1799865.6666666667,139720.0,68,20200427-193822-200827.jpg
20200427,221516,224521,0,1789789.6666666667,0,0,none
20200427,224526,231531,0,1774697.6666666667,0,0,none
20200427,231536,234541,0,1774497.6666666667,0,0,none
20200427,234546,000001,100,857864.6666666667,132.0,1,20200427-234546-000001.jpg
20200428,000006,003011,0,1800722.3333333335,0,0,none
20200428,003016,010021,0,1803725.6666666667,0,0,none
20200428,014841,021846,0,1794736.3333333335,0,0,none
20200428,021851,024856,0,1796178.0,0,0,none
20200428,024901,031906,0,1794837.3333333335,0,0,none
20200428,031911,034916,0,1785712.6666666667,0,0,none
20200428,034921,041926,10565,1788249.3333333335,25554.5,25,20200428-034921-041926.jpg
20200428,041931,044936,43623,1805408.3333333335,79575.5,52,20200428-041931-044936.jpg
20200428,044941,051946,0,1768515.3333333335,0,0,none
20200428,061841,064846,51731,1786207.0,16850.0,71,20200428-061841-064846.jpg
20200428,064851,071856,52323,1789109.6666666667,29659.0,77,20200428-064851-071856.jpg
20200428,071901,074906,51171,1794422.3333333335,9145.5,87,20200428-071901-074906.jpg
20200428,074911,081916,49884,1784379.3333333333,10088.5,80,20200428-074911-081916.jpg
20200428,081921,084926,52702,1778324.3333333335,13694.0,91,20200428-081921-084926.jpg
20200428,084931,091936,50606,1762591.6666666667,19488.5,93,20200428-084931-091936.jpg
20200428,091941,094946,50041,1791344.3333333335,17468.0,107,20200428-091941-094946.jpg
20200428,100816,103821,52639,1770194.0000000002,22568.5,109,20200428-100816-103821.jpg
20200428,103826,110831,52069,1780714.6666666667,25845.0,97,20200428-103826-110831.jpg
20200428,110836,113841,51706,1776398.6666666667,52042.0,86,20200428-110836-113841.jpg
20200428,113846,120851,53611,1791435.6666666667,60716.0,81,20200428-113846-120851.jpg
20200428,120856,123901,36530,1799944.3333333333,71472.0,74,20200428-120856-123901.jpg
20200428,123906,130911,34174,1795330.0000000002,99743.0,58,20200428-123906-130911.jpg
20200428,130916,133921,53086,1801621.6666666667,31223.5,75,20200428-130916-133921.jpg
20200428,140701,143706,53317,1791538.0,28894.5,75,20200428-140701-143706.jpg
20200428,143711,150716,53312,1805589.3333333333,21407.0,61,20200428-143711-150716.jpg
20200428,150721,153726,13656,1804277.0,1253.0,18,20200428-150721-153726.jpg
20200428,153731,160736,29118,1795889.0000000002,21776.0,45,20200428-153731-160736.jpg
20200428,160741,163746,50648,1798156.0000000002,15632.5,36,20200428-160741-163746.jpg
20200428,163751,170756,41301,1791149.0,20937.0,34,20200428-163751-170756.jpg
20200428,170801,173806,12836,1795888.3333333333,27208.0,12,20200428-170801-173806.jpg
20200428,181246,184251,22241,1786582.3333333335,3269.5,2,20200428-181246-184251.jpg
20200428,184256,191301,150,1793684.0000000002,2198.5,2,20200428-184256-191301.jpg
20200428,191306,194311,45,1803565.6666666667,1507.5,1,20200428-191306-194311.jpg
20200428,194316,201321,48424,1808034.6666666667,139720.0,62,20200428-194316-201321.jpg
20200428,201326,204331,37169,1807705.0000000002,2823.5,5,20200428-201326-204331.jpg
20200428,204336,211341,1110,1808191.3333333335,2862.0,2,20200428-204336-211341.jpg
20200428,211346,214351,485,1804648.6666666667,1778.0,1,20200428-211346-214351.jpg
20200428,215530,222535,205,1802666.0000000002,1266.0,1,20200428-215530-222535.jpg
20200428,222540,225545,165,1794308.3333333335,1018.0,1,20200428-222540-225545.jpg
20200428,225550,232555,321,1796413.3333333335,462.5,1,20200428-225550-232555.jpg
20200428,232600,235605,2205,1795586.0,3567.0,7,20200428-232600-235605.jpg
20200428,235610,000000,110,235030.33333333334,372.0,8,20200428-235610-000000.jpg
20200429,000005,003010,361,1801676.6666666667,734.0,1,20200429-000005-003010.jpg
20200429,003015,010020,1371,1800136.0000000002,432.0,2,20200429-003015-010020.jpg
20200429,021430,024435,15,1798141.3333333335,552.0,1,20200429-021430-024435.jpg
20200429,024440,031445,50,1801848.6666666667,340.0,1,20200429-024440-031445.jpg
20200429,031450,034455,33132,1799992.6666666667,79167.5,25,20200429-031450-034455.jpg
20200429,034500,041505,40401,1802584.3333333335,139720.0,33,20200429-034500-041505.jpg
20200429,041510,044515,6489,1800757.666666667,521.0,13,20200429-041510-044515.jpg
20200429,060750,063755,51484,1803540.6666666667,29812.0,59,20200429-060750-063755.jpg
20200429,063800,070805,52243,1804545.3333333335,41287.0,69,20200429-063800-070805.jpg
20200429,070810,073815,5,1797780.3333333335,209.0,1,20200429-070810-073815.jpg
20200429,073820,080825,23095,1804624.3333333335,20066.0,51,20200429-073820-080825.jpg
20200429,080830,083835,255,1800756.6666666667,223.5,2,20200429-080830-083835.jpg
20200429,083840,090845,50,1806151.6666666667,166.0,1,20200429-083840-090845.jpg
20200429,090850,093855,0,1804460.3333333335,0,0,none
20200429,101050,104055,50,1803985.3333333335,252.5,3,20200429-101050-104055.jpg
20200429,104100,111105,160,1802207.0,733.5,2,20200429-104100-111105.jpg
20200429,111110,114115,11273,1809854.3333333335,2400.5,15,20200429-111110-114115.jpg
20200429,114120,121125,2734,1798499.0,44931.0,66,20200429-114120-121125.jpg
20200429,121130,124135,21216,1802184.6666666667,1764.5,23,20200429-121130-124135.jpg
20200429,124140,131145,30984,1795693.0,5363.0,33,20200429-124140-131145.jpg
20200429,131150,134155,5,1802651.0,205.0,2,20200429-131150-134155.jpg
20200429,141155,144200,5322,1800539.0,590.5,11,20200429-141155-144200.jpg
20200429,144205,151210,39194,1806937.3333333335,1533.0,17,20200429-144205-151210.jpg
20200429,151215,154220,28707,1806522.3333333333,6787.0,23,20200429-151215-154220.jpg
20200429,154225,161230,22931,1806226.6666666667,690.0,20,20200429-154225-161230.jpg
20200429,161235,164240,25843,1801086.3333333335,1725.0,36,20200429-161235-164240.jpg
20200429,164245,171250,622,1802029.6666666667,193.5,3,20200429-164245-171250.jpg
20200429,171255,174300,14561,1806922.3333333335,27482.5,9,20200429-171255-174300.jpg
20200429,214349,221354,25455,1798962.6666666667,1348.0,10,20200429-214349-221354.jpg
20200429,221359,224404,13633,1799084.3333333335,355.5,6,20200429-221359-224404.jpg
20200429,224409,231414,0,1805351.3333333335,0,0,none
20200429,231419,234424,640,1800736.0,223.0,1,20200429-231419-234424.jpg
20200429,234429,000004,12137,934727.3333333334,363.0,7,20200429-234429-000004.jpg
20200430,000009,003014,26328,1803448.0,663.0,10,20200430-000009-003014.jpg
20200430,003019,010024,18722,1793960.6666666667,2958.0,9,20200430-003019-010024.jpg
20200430,021339,024344,20514,1804607.3333333335,302.5,6,20200430-021339-024344.jpg
20200430,024349,031354,3190,1795656.6666666667,1512.5,4,20200430-024349-031354.jpg
20200430,031359,034404,974,1794945.0000000002,80831.0,23,20200430-031359-034404.jpg
20200430,034409,041414,37452,1806974.3333333333,139720.0,37,20200430-034409-041414.jpg
20200430,041419,044424,15,1804008.6666666667,916.0,2,20200430-041419-044424.jpg
20200430,060722,063727,15,1794016.0,341.0,2,20200430-060722-063727.jpg
20200430,063732,070737,75,1803163.0,2321.0,4,20200430-063732-070737.jpg
20200430,070742,073747,215,1803662.0,3025.5,3,20200430-070742-073747.jpg
20200430,073752,080757,1270,1798524.6666666667,3265.0,5,20200430-073752-080757.jpg
20200430,080802,083807,515,1799273.0000000002,3793.5,6,20200430-080802-083807.jpg
20200430,083812,090817,421,1799610.0000000002,3592.5,4,20200430-083812-090817.jpg
20200430,090822,093827,628,1806144.0,3021.5,5,20200430-090822-093827.jpg
20200430,100807,103812,7516,1785147.6666666667,7608.0,21,20200430-100807-103812.jpg
20200430,103817,110822,20814,1778970.0,1931.0,44,20200430-103817-110822.jpg
20200430,110827,113832,12961,1736391.0,10326.0,29,20200430-110827-113832.jpg
20200430,113837,120842,25522,1753352.0,16558.5,18,20200430-113837-120842.jpg
20200430,120847,123852,23357,1758170.3333333335,1652.0,14,20200430-120847-123852.jpg
20200430,123857,130902,20614,1762915.6666666667,7837.5,25,20200430-123857-130902.jpg
20200430,130907,133912,16923,1806388.6666666667,1290.0,9,20200430-130907-133912.jpg
20200430,140940,143945,0,1801303.3333333335,0,0,none
20200430,143950,150955,395,1801742.3333333333,272.5,7,20200430-143950-150955.jpg
20200430,151000,154005,86,1791920.0,132.0,7,20200430-151000-154005.jpg
20200430,154010,161015,15,1796613.0,120.5,1,20200430-154010-161015.jpg
20200430,161020,164025,245,1800450.6666666667,897.0,2,20200430-161020-164025.jpg
20200430,164030,171035,45,1788120.6666666667,129.5,1,20200430-164030-171035.jpg
20200430,171040,174045,0,1785446.0000000002,0,0,none
20200430,180748,183753,0,1795505.3333333335,0,0,none
20200430,183758,190803,0,1776362.3333333335,0,0,none
20200430,190808,193813,460,1800631.0,1807.0,15,20200430-190808-193813.jpg
20200430,193818,200823,52781,1790142.0,139720.0,63,20200430-193818-200823.jpg
20200430,200828,203833,31890,1797415.6666666667,1557.5,9,20200430-200828-203833.jpg
20200430,203838,210843,255,1782630.0,1271.5,2,20200430-203838-210843.jpg
20200430,210848,213853,280,1774059.0000000002,717.5,1,20200430-210848-213853.jpg
20200430,221615,224620,174,1777969.6666666667,591.0,1,20200430-221615-224620.jpg
20200430,224625,231630,385,1787400.3333333335,519.0,2,20200430-224625-231630.jpg
20200430,231635,234640,2279,1799398.0000000002,488.0,6,20200430-231635-234640.jpg
20200430,234645,000000,1021,787747.0000000001,309.5,7,20200430-234645-000000.jpg
20200501,000005,003010,27582,1793390.6666666667,237.0,7,20200501-000005-003010.jpg
20200501,003015,010020,4127,1796010.0,1914.0,6,20200501-003015-010020.jpg
20200501,010025,013030,5580,1798487.0,413.0,11,20200501-010025-013030.jpg
20200501,020826,023831,2306,1791617.6666666667,748.5,5,20200501-020826-023831.jpg
20200501,023836,030841,3307,1781667.6666666667,518.5,11,20200501-023836-030841.jpg
20200501,030846,033851,6450,1782285.0,319.0,8,20200501-030846-033851.jpg
20200501,033856,040901,36407,1780960.6666666667,56653.0,31,20200501-033856-040901.jpg
20200501,040906,043911,41207,1799401.0,64708.5,35,20200501-040906-043911.jpg
20200501,060708,063713,0,1803394.3333333335,0,0,none
20200501,063718,070723,0,1800663.6666666667,0,0,none
20200501,070728,073733,845,1794340.0000000002,188.5,3,20200501-070728-073733.jpg
20200501,073738,080743,32,1793066.3333333335,138.5,3,20200501-073738-080743.jpg
20200501,080748,083753,45,1793268.3333333335,316.0,3,20200501-080748-083753.jpg
20200501,083758,090803,85,1789384.0,145.0,4,20200501-083758-090803.jpg
20200501,090808,093813,1200,1805723.0000000002,574.5,12,20200501-090808-093813.jpg
20200501,100804,103809,21183,1796695.3333333333,253.0,5,20200501-100804-103809.jpg
20200501,103814,110819,793,1803637.6666666667,241.0,4,20200501-103814-110819.jpg
20200501,110824,113829,4093,1786308.0,1875.5,12,20200501-110824-113829.jpg
20200501,113834,120839,34265,1797831.3333333335,5170.5,13,20200501-113834-120839.jpg
20200501,120844,123849,30058,1800968.6666666667,29824.0,52,20200501-120844-123849.jpg
20200501,123854,130859,33532,1803428.6666666667,33692.5,49,20200501-123854-130859.jpg
20200501,130904,133909,53010,1804049.6666666667,28382.0,61,20200501-130904-133909.jpg
20200501,140737,143742,52895,1806452.0,17403.5,63,20200501-140737-143742.jpg
20200501,143747,150752,53227,1806618.6666666667,15827.0,55,20200501-143747-150752.jpg
20200501,150757,153802,51081,1802588.0000000002,29885.0,51,20200501-150757-153802.jpg
20200501,153807,160812,54056,1802442.3333333335,31482.0,51,20200501-153807-160812.jpg
20200501,160817,163822,53128,1803013.6666666667,36167.5,48,20200501-160817-163822.jpg
20200501,163827,170832,52870,1799410.6666666667,55137.5,60,20200501-163827-170832.jpg
20200501,170837,173842,50405,1806321.6666666667,24938.5,18,20200501-170837-173842.jpg
20200501,181048,184053,48555,1797630.3333333335,435.0,4,20200501-181048-184053.jpg
20200501,184058,191103,35667,1800501.3333333335,543.5,2,20200501-184058-191103.jpg
20200501,191108,194113,495,1792578.6666666667,633.5,1,20200501-191108-194113.jpg
20200501,194118,201123,22836,1804680.0,139720.0,50,20200501-194118-201123.jpg
20200501,201128,204133,42128,1806519.6666666667,54923.5,49,20200501-201128-204133.jpg
20200501,204138,211143,9014,1797946.6666666667,4398.0,9,20200501-204138-211143.jpg
20200501,211148,214153,14807,1790163.3333333335,5706.5,12,20200501-211148-214153.jpg
20200501,220000,223005,160,1803788.3333333335,1644.5,2,20200501-220000-223005.jpg
20200501,223010,230015,3116,1801963.6666666667,3612.0,4,20200501-223010-230015.jpg
20200501,230020,233025,1380,1799475.3333333333,8299.0,3,20200501-230020-233025.jpg
20200501,233030,000000,12875,1767168.3333333335,5691.0,13,20200501-233030-000000.jpg
20200502,000005,003010,7418,1786150.3333333335,6322.5,9,20200502-000005-003010.jpg
20200502,003015,010020,23727,1807090.6666666667,5660.0,5,20200502-003015-010020.jpg
20200502,010025,013030,717,1799406.6666666667,1607.5,6,20200502-010025-013030.jpg
20200502,021701,024706,701,1777444.6666666667,1047.0,3,20200502-021701-024706.jpg
20200502,024711,031716,44495,1797537.0,1282.0,7,20200502-024711-031716.jpg
20200502,031721,034726,0,1788852.6666666667,0,0,none
20200502,034731,041736,42383,1791572.3333333335,77451.5,33,20200502-034731-041736.jpg
20200502,060659,063704,20,1797106.3333333335,2609.5,2,20200502-060659-063704.jpg
20200502,063709,070714,415,1798583.6666666667,2886.5,3,20200502-063709-070714.jpg
20200502,070719,073724,205,1796743.6666666667,2139.0,2,20200502-070719-073724.jpg
20200502,073729,080734,6244,1798521.0000000002,3055.5,8,20200502-073729-080734.jpg
20200502,080739,083744,0,1806193.0,0,0,none
20200502,083749,090754,0,1795227.6666666667,0,0,none
20200502,090759,093804,0,1785832.3333333335,0,0,none
20200502,100741,103746,3547,1788557.3333333335,1704.5,12,20200502-100741-103746.jpg
20200502,103751,110756,39510,1757877.0000000002,2507.5,18,20200502-103751-110756.jpg
20200502,110801,113806,32172,1787617.6666666667,9147.0,51,20200502-110801-113806.jpg
20200502,113811,120816,50659,1775919.6666666667,61488.0,72,20200502-113811-120816.jpg
20200502,120821,123826,52686,1793220.3333333335,45838.5,82,20200502-120821-123826.jpg
20200502,123831,130836,52051,1778085.0,55003.5,88,20200502-123831-130836.jpg
20200502,130841,133846,49725,1720912.0,50368.0,82,20200502-130841-133846.jpg
20200502,140959,144004,53009,1771632.3333333335,30785.5,75,20200502-140959-144004.jpg
20200502,144009,151014,52949,1768251.6666666667,33019.0,75,20200502-144009-151014.jpg
20200502,151019,154024,32812,1685537.6666666667,37363.5,84,20200502-151019-154024.jpg
20200502,154029,161034,52076,1747189.6666666667,58664.5,72,20200502-154029-161034.jpg
20200502,161039,164044,51781,1771624.0,35047.0,57,20200502-161039-164044.jpg
20200502,164049,171054,52343,1789006.6666666667,61804.5,51,20200502-164049-171054.jpg
20200502,171059,174104,50786,1740085.3333333335,27613.5,33,20200502-171059-174104.jpg
20200502,180721,183726,184,1749360.3333333335,3374.0,2,20200502-180721-183726.jpg
20200502,183731,190736,0,1736734.6666666667,0,0,none
20200502,190741,193746,20,1785350.3333333333,660.0,2,20200502-190741-193746.jpg
20200502,193751,200756,21727,1781893.0,139720.0,55,20200502-193751-200756.jpg
20200502,200801,203806,42518,1757751.6666666667,83487.5,37,20200502-200801-203806.jpg
20200502,203811,210816,740,1747292.3333333333,6701.5,3,20200502-203811-210816.jpg
20200502,210821,213826,209,1741199.6666666667,2325.0,2,20200502-210821-213826.jpg
20200502,221402,224407,0,1707326.6666666667,0,0,none
20200502,224412,231417,455,1789914.3333333335,338.5,1,20200502-224412-231417.jpg
20200502,231422,234427,0,1795594.6666666667,0,0,none
20200502,234432,000002,144,927618.6666666667,246.0,1,20200502-234432-000002.jpg
20200503,000007,003012,53774,1794927.0000000002,176.0,2,20200503-000007-003012.jpg
20200503,003017,010022,450,1787489.3333333335,593.5,1,20200503-003017-010022.jpg
20200503,010027,013032,15,1804129.0000000002,123.0,2,20200503-010027-013032.jpg
20200503,021024,024029,0,1785305.6666666667,0,0,none
20200503,024034,031039,6498,1802026.3333333335,287.5,4,20200503-024034-031039.jpg
20200503,031044,034049,0,1797043.3333333335,0,0,none
20200503,034054,041059,4904,1800420.3333333335,3851.5,25,20200503-034054-041059.jpg
20200503,041104,044109,41052,1806371.3333333335,137845.0,51,20200503-041104-044109.jpg
20200503,061003,064008,49433,1785713.6666666667,16773.0,72,20200503-061003-064008.jpg
20200503,064013,071018,52424,1776175.3333333333,45767.5,89,20200503-064013-071018.jpg
20200503,071023,074028,49897,1796315.0,16648.5,99,20200503-071023-074028.jpg
20200503,074033,081038,51225,1802674.3333333335,14513.5,99,20200503-074033-081038.jpg
20200503,081043,084048,51830,1805111.3333333335,22087.0,92,20200503-081043-084048.jpg
20200503,084053,091058,53397,1805258.0,20627.0,109,20200503-084053-091058.jpg
20200503,091103,094108,53274,1789274.0,26478.5,93,20200503-091103-094108.jpg
20200503,100751,103756,41103,1803697.3333333335,33745.5,93,20200503-100751-103756.jpg
20200503,103801,110806,43309,1801707.3333333335,68128.5,76,20200503-103801-110806.jpg
20200503,110811,113816,51455,1805500.3333333335,39304.5,86,20200503-110811-113816.jpg
20200503,113821,120826,53506,1801780.3333333335,40173.5,85,20200503-113821-120826.jpg
20200503,120831,123836,44294,1799707.6666666667,28866.0,51,20200503-120831-123836.jpg
20200503,123841,130846,21892,1799338.0000000002,9300.0,41,20200503-123841-130846.jpg
20200503,130851,133856,34401,1792559.6666666667,4349.0,14,20200503-130851-133856.jpg
20200503,140636,143641,6803,1794981.6666666667,1086.5,9,20200503-140636-143641.jpg
20200503,143646,150651,38502,1805014.0000000002,2004.5,62,20200503-143646-150651.jpg
20200503,150656,153701,7253,1804827.6666666667,2508.5,20,20200503-150656-153701.jpg
20200503,153706,160711,835,1796168.3333333335,455.0,6,20200503-153706-160711.jpg
20200503,160716,163721,14096,1795533.0000000002,521.0,10,20200503-160716-163721.jpg
20200503,163726,170731,8906,1789040.3333333333,342.0,8,20200503-163726-170731.jpg
20200503,170736,173741,10,1789344.3333333335,161.5,1,20200503-170736-173741.jpg
20200503,180750,183755,20,1805531.6666666667,469.0,1,20200503-180750-183755.jpg
20200503,183800,190805,0,1782869.3333333333,0,0,none
20200503,190810,193815,1195,1804894.6666666667,193.0,1,20200503-190810-193815.jpg
20200503,193820,200825,13086,1800435.6666666667,139720.0,78,20200503-193820-200825.jpg
20200503,200830,203835,36284,1770774.6666666667,77817.0,33,20200503-200830-203835.jpg
20200503,203840,210845,1136,1795859.6666666667,4128.5,6,20200503-203840-210845.jpg
20200503,210850,213855,140,1802137.3333333333,711.5,1,20200503-210850-213855.jpg
20200503,221432,224437,10,1782732.0000000002,122.5,1,20200503-221432-224437.jpg
20200503,224442,231447,113,1783641.6666666667,567.0,2,20200503-224442-231447.jpg
20200503,231452,234457,294,1799651.3333333335,445.0,1,20200503-231452-234457.jpg
20200503,234502,000002,25,897109.6666666667,431.5,1,20200503-234502-000002.jpg
20200504,000007,003012,430,1787915.0000000002,186.5,1,20200504-000007-003012.jpg
20200504,003017,010022,1016,1798585.3333333335,271.5,3,20200504-003017-010022.jpg
20200504,010027,013032,615,1800858.0000000002,147.5,2,20200504-010027-013032.jpg
20200504,020638,023643,3225,1808830.6666666667,582.5,3,20200504-020638-023643.jpg
20200504,023648,030653,2651,1798406.0000000002,979.5,7,20200504-023648-030653.jpg
20200504,030658,033703,12366,1797043.0000000002,176.5,3,20200504-030658-033703.jpg
20200504,033708,040713,49618,1787222.3333333335,118488.5,38,20200504-033708-040713.jpg
20200504,040718,043723,0,1801501.3333333335,0,0,none
20200504,060919,063924,0,1805133.6666666667,0,0,none
20200504,063929,070934,30,1804654.3333333335,220.5,2,20200504-063929-070934.jpg
20200504,070939,073944,1380,1803043.0000000002,939.0,7,20200504-070939-073944.jpg
20200504,073949,080954,8440,1801450.3333333335,636.5,12,20200504-073949-080954.jpg
20200504,080959,084004,43399,1779571.6666666667,4616.0,39,20200504-080959-084004.jpg
20200504,084009,091014,42428,1798238.0,15243.0,43,20200504-084009-091014.jpg
20200504,091019,094024,43046,1783334.666666667,8061.0,48,20200504-091019-094024.jpg
20200504,101130,104135,42305,1786465.3333333333,21572.0,68,20200504-101130-104135.jpg
20200504,104140,111145,17157,1792011.6666666667,4046.0,27,20200504-104140-111145.jpg
20200504,111150,114155,42527,1793950.0,7736.5,23,20200504-111150-114155.jpg
20200504,114200,121205,6515,1792584.0,4039.0,14,20200504-114200-121205.jpg
20200504,121210,124215,43064,1793468.6666666667,8916.0,25,20200504-121210-124215.jpg
20200504,124220,131225,28436,1760591.3333333335,2262.5,12,20200504-124220-131225.jpg
20200504,131230,134235,2198,1767403.0,308.0,4,20200504-131230-134235.jpg
20200504,141249,144254,2022,1803337.6666666667,303.0,6,20200504-141249-144254.jpg
20200504,144259,151304,29594,1793065.3333333335,5879.5,28,20200504-144259-151304.jpg
20200504,151309,154314,19545,1800388.0000000002,4353.0,22,20200504-151309-154314.jpg
20200504,154319,161324,31126,1783381.6666666667,20199.0,16,20200504-154319-161324.jpg
20200504,161329,164334,15350,1794535.6666666667,24773.5,17,20200504-161329-164334.jpg
20200504,164339,171344,51756,1793684.6666666667,27227.5,19,20200504-164339-171344.jpg
20200504,171349,174354,26745,1792546.0,5167.0,19,20200504-171349-174354.jpg
20200504,181652,184657,0,1807141.3333333335,0,0,none
20200504,184702,191707,12260,1798936.0000000002,8896.0,17,20200504-184702-191707.jpg
20200504,191712,194717,2971,1793207.0,353.5,2,20200504-191712-194717.jpg
20200504,194722,201727,29709,1790054.0,139720.0,59,20200504-194722-201727.jpg
20200504,201732,204737,43723,1779273.0000000002,56723.5,48,20200504-201732-204737.jpg
20200504,204742,211747,195,1790030.3333333335,5354.0,2,20200504-204742-211747.jpg
20200504,211752,214757,35,1779517.0,593.5,1,20200504-211752-214757.jpg
20200505,021006,024011,0,1805150.6666666667,0,0,none
20200505,024016,031021,5205,1805520.0,505.0,7,20200505-024016-031021.jpg
20200505,031026,034031,50613,1800547.0,122043.5,37,20200505-031026-034031.jpg
20200505,034036,041041,24604,1798205.6666666667,47609.5,48,20200505-034036-041041.jpg
20200505,060850,063855,47198,1798264.3333333335,18727.5,84,20200505-060850-063855.jpg
20200505,063900,070905,52591,1804656.6666666667,37120.5,77,20200505-063900-070905.jpg
20200505,070910,073915,49318,1783660.6666666667,16131.0,102,20200505-070910-073915.jpg
20200505,073920,080925,50689,1805394.6666666667,17361.0,98,20200505-073920-080925.jpg
20200505,080930,083935,50613,1800817.0,21882.0,95,20200505-080930-083935.jpg
20200505,083940,090945,52532,1804587.6666666667,43223.5,94,20200505-083940-090945.jpg
20200505,090950,093955,7919,1770883.6666666667,4207.5,27,20200505-090950-093955.jpg
20200505,101123,104128,53883,1800539.3333333335,47068.0,92,20200505-101123-104128.jpg
20200505,104133,111138,51111,1797418.3333333335,35809.0,101,20200505-104133-111138.jpg
20200505,111143,114148,52178,1790559.3333333333,21694.0,95,20200505-111143-114148.jpg
20200505,114153,121158,37430,1781888.0000000002,30839.5,63,20200505-114153-121158.jpg
20200505,121203,124208,47177,1798356.3333333335,664.5,9,20200505-121203-124208.jpg
20200505,124213,131218,16966,1797722.6666666667,795.5,7,20200505-124213-131218.jpg
20200505,131223,134228,0,1794214.3333333333,0,0,none
20200505,143610,150615,332,1791111.3333333335,395.5,8,20200505-143610-150615.jpg
20200505,150620,153625,1881,1807477.0,476.0,5,20200505-150620-153625.jpg
20200505,153630,160635,9232,1799101.0,382.0,6,20200505-153630-160635.jpg
20200505,160640,163645,6677,1802355.6666666667,822.0,5,20200505-160640-163645.jpg
20200505,163650,170655,935,1793948.6666666667,554.5,4,20200505-163650-170655.jpg
20200505,170700,173705,4908,1792007.3333333335,1074.0,9,20200505-170700-173705.jpg
20200505,173710,180715,6900,1798983.6666666667,1096.5,19,20200505-173710-180715.jpg
20200505,180734,183739,1052,1795654.3333333335,486.5,5,20200505-180734-183739.jpg
20200505,183744,190749,291,1796614.6666666667,234.5,3,20200505-183744-190749.jpg
20200505,190754,193759,4550,1801345.6666666667,24711.5,29,20200505-190754-193759.jpg
20200505,193804,200809,50599,1802256.3333333335,139720.0,56,20200505-193804-200809.jpg
20200505,200814,203819,43024,1797207.0,52467.0,48,20200505-200814-203819.jpg
20200505,203824,210829,8390,1796173.3333333335,422.5,6,20200505-203824-210829.jpg
20200505,210834,213839,34962,1787362.3333333335,3537.0,7,20200505-210834-213839.jpg
20200505,221502,224507,48849,1796967.0,1087.0,10,20200505-221502-224507.jpg
20200505,224512,231517,14020,1795995.3333333335,986.0,6,20200505-224512-231517.jpg
20200505,231522,234527,37214,1799359.0000000002,1876.5,15,20200505-231522-234527.jpg
20200505,234532,000002,4829,864025.0000000001,1124.5,10,20200505-234532-000002.jpg
20200506,000007,003012,25400,1781322.3333333335,339.5,8,20200506-000007-003012.jpg
20200506,003017,010022,27806,1785055.0,998.0,7,20200506-003017-010022.jpg
20200506,010027,013032,21032,1799230.3333333335,961.0,12,20200506-010027-013032.jpg
20200506,013037,020042,30820,1793019.0,997.5,10,20200506-013037-020042.jpg
20200506,021018,024023,53313,1797272.3333333333,1009.0,11,20200506-021018-024023.jpg
20200506,024028,031033,34278,1787637.6666666667,1341.5,8,20200506-024028-031033.jpg
20200506,031038,034043,24108,1793430.0,1403.0,11,20200506-031038-034043.jpg
20200506,034048,041053,48682,1802852.0,1554.0,28,20200506-034048-041053.jpg
20200506,041058,044103,52583,1797753.6666666667,138362.5,50,20200506-041058-044103.jpg
20200506,044108,051113,3835,1803052.6666666667,437.0,5,20200506-044108-051113.jpg
20200506,051118,054123,2020,1802193.6666666667,590.5,6,20200506-051118-054123.jpg
20200506,060648,063653,325,1802166.6666666667,243.5,3,20200506-060648-063653.jpg
20200506,063658,070703,0,1798038.0,0,0,none
20200506,070708,073713,16055,1803934.6666666667,2294.0,23,20200506-070708-073713.jpg
20200506,073718,080723,4768,1797400.6666666667,959.0,14,20200506-073718-080723.jpg
20200506,080728,083733,822,1797241.3333333335,956.0,3,20200506-080728-083733.jpg
20200506,083738,090743,46471,1797501.3333333335,2794.0,14,20200506-083738-090743.jpg
20200506,090748,093753,6054,1768975.3333333333,590.0,14,20200506-090748-093753.jpg
20200506,101223,104228,11861,1795142.3333333335,810.5,10,20200506-101223-104228.jpg
20200506,104233,111238,6455,1774951.6666666667,1176.0,10,20200506-104233-111238.jpg
20200506,111243,114248,5890,1803110.0000000002,6195.0,22,20200506-111243-114248.jpg
20200506,114253,121258,2686,1800214.3333333333,416.0,5,20200506-114253-121258.jpg
20200506,121303,124308,7073,1799507.3333333335,918.0,9,20200506-121303-124308.jpg
20200506,124313,131318,2244,1809203.0,398.5,11,20200506-124313-131318.jpg
20200506,131323,134328,3049,1794169.6666666667,439.0,6,20200506-131323-134328.jpg
20200506,141208,144213,13399,1790445.3333333333,3991.0,20,20200506-141208-144213.jpg
20200506,144218,151223,13009,1792813.3333333335,1138.0,23,20200506-144218-151223.jpg
20200506,151228,154233,24272,1803039.3333333335,861.0,8,20200506-151228-154233.jpg
20200506,154238,161243,9762,1806191.0,681.5,13,20200506-154238-161243.jpg
20200506,161248,164253,9116,1803344.6666666667,493.5,12,20200506-161248-164253.jpg
20200506,164258,171303,2795,1788739.3333333335,1073.5,7,20200506-164258-171303.jpg
20200506,171308,174313,6162,1801655.6666666667,1053.5,10,20200506-171308-174313.jpg
20200506,181414,184419,15983,1808223.0000000002,536.5,13,20200506-181414-184419.jpg
20200506,184424,191429,998,1795890.6666666667,252.5,5,20200506-184424-191429.jpg
20200506,191434,194439,35496,1806298.3333333335,139720.0,55,20200506-191434-194439.jpg
20200506,194444,201449,4110,1806853.6666666667,521.0,9,20200506-194444-201449.jpg
20200506,201454,204459,30857,1786839.6666666667,47507.5,50,20200506-201454-204459.jpg
20200506,204504,211509,14535,1794991.6666666667,1735.5,11,20200506-204504-211509.jpg
20200506,211514,214519,34064,1796358.3333333333,1892.5,15,20200506-211514-214519.jpg
20200506,222020,225025,31641,1795462.3333333335,2981.5,17,20200506-222020-225025.jpg
20200506,225030,232035,29496,1798718.6666666667,2996.5,19,20200506-225030-232035.jpg
20200506,232040,235045,30648,1793839.0000000002,3477.5,16,20200506-232040-235045.jpg
20200506,235050,000000,13078,550712.6666666666,1962.5,15,20200506-235050-000000.jpg
20200507,000005,003010,47231,1799246.0,2241.0,16,20200507-000005-003010.jpg
20200507,003015,010020,31859,1796145.3333333335,2252.5,17,20200507-003015-010020.jpg
20200507,010025,013030,14242,1802514.6666666667,824.5,13,20200507-010025-013030.jpg
20200507,021241,024246,25682,1802759.3333333335,961.0,12,20200507-021241-024246.jpg
20200507,024251,031256,6753,1788142.6666666667,430.5,8,20200507-024251-031256.jpg
20200507,031301,034306,4341,1797342.3333333335,545.5,9,20200507-031301-034306.jpg
20200507,034311,041316,26325,1793026.6666666667,115065.0,30,20200507-034311-041316.jpg
20200507,041321,044326,53160,1797493.6666666667,139720.0,29,20200507-041321-044326.jpg
20200507,044331,051336,44382,1795650.0,61508.5,82,20200507-044331-051336.jpg
20200507,061014,064019,52422,1794022.3333333333,106239.5,92,20200507-061014-064019.jpg
20200507,064024,071029,53562,1797439.6666666667,66147.5,96,20200507-064024-071029.jpg
20200507,071034,074039,51302,1793555.3333333335,21302.0,108,20200507-071034-074039.jpg
20200507,074044,081049,52542,1800731.0,16759.0,104,20200507-074044-081049.jpg
20200507,081054,084059,52363,1786492.6666666667,25690.5,95,20200507-081054-084059.jpg
20200507,084104,091109,53518,1785655.3333333335,48969.5,111,20200507-084104-091109.jpg
20200507,091114,094119,52812,1799629.0000000002,51496.0,107,20200507-091114-094119.jpg
20200507,101302,104307,53459,1800734.6666666667,76059.5,100,20200507-101302-104307.jpg
20200507,104312,111317,52758,1802187.6666666667,82114.0,96,20200507-104312-111317.jpg
20200507,111322,114327,53114,1802273.0000000002,74563.0,91,20200507-111322-114327.jpg
20200507,114332,121337,53528,1804709.0,47282.5,99,20200507-114332-121337.jpg
20200507,121342,124347,53785,1796407.0000000002,79645.0,95,20200507-121342-124347.jpg
20200507,124352,131357,54003,1800639.0000000002,133896.0,105,20200507-124352-131357.jpg
20200507,131402,134407,54094,1805152.3333333335,131167.5,98,20200507-131402-134407.jpg
20200507,141546,144551,52301,1800717.3333333335,134474.5,93,20200507-141546-144551.jpg
20200507,144556,151601,53529,1792430.3333333335,81522.5,74,20200507-144556-151601.jpg
20200507,151606,154611,52671,1781009.6666666667,133487.5,82,20200507-151606-154611.jpg
20200507,154616,161621,45210,1800228.0,38128.5,57,20200507-154616-161621.jpg
20200507,161626,164631,38472,1794718.6666666667,32260.5,44,20200507-161626-164631.jpg
20200507,164636,171641,42036,1804421.6666666667,29997.5,44,20200507-164636-171641.jpg
20200507,171646,174651,50677,1791320.6666666667,47026.0,52,20200507-171646-174651.jpg
20200507,181136,184141,51582,1792432.6666666667,767.0,17,20200507-181136-184141.jpg
20200507,184146,191151,14776,1795813.3333333335,722.5,9,20200507-184146-191151.jpg
20200507,191156,194201,53107,1793665.0000000002,1959.0,6,20200507-191156-194201.jpg
20200507,194206,201211,1547,1796352.6666666667,139720.0,41,20200507-194206-201211.jpg
20200507,201216,204221,38193,1787180.0,121212.5,35,20200507-201216-204221.jpg
20200507,204226,211231,29155,1793350.3333333333,753.0,6,20200507-204226-211231.jpg
20200507,211236,214241,55,1797160.3333333335,435.5,2,20200507-211236-214241.jpg
20200507,222655,225700,835,1770715.6666666667,120.0,2,20200507-222655-225700.jpg
20200507,225705,232710,0,1803423.3333333335,0,0,none
20200507,232715,235720,0,1799611.6666666667,0,0,none
20200507,235725,000000,0,159802.33333333334,0,0,none
20200508,000005,003010,0,1791682.0,0,0,none
20200508,003015,010020,0,1793746.6666666667,0,0,none
20200508,010025,013030,409,1786289.0,149.0,2,20200508-010025-013030.jpg
20200508,021121,024126,240,1797247.0,120.5,1,20200508-021121-024126.jpg
20200508,024131,031136,1955,1788525.3333333335,170.0,3,20200508-024131-031136.jpg
20200508,031141,034146,199,1789313.3333333335,130.5,1,20200508-031141-034146.jpg
20200508,034151,041156,42196,1783617.6666666667,84282.5,30,20200508-034151-041156.jpg
20200508,041201,044206,26091,1791789.3333333335,139720.0,47,20200508-041201-044206.jpg
20200508,044211,051216,0,1794294.6666666667,0,0,none
20200508,051221,054226,37102,1791891.0,59285.5,67,20200508-051221-054226.jpg
20200508,060735,063740,52313,1779532.3333333333,30147.0,96,20200508-060735-063740.jpg
20200508,063745,070750,52870,1793898.0000000002,45865.0,85,20200508-063745-070750.jpg
20200508,070755,073800,51085,1792146.6666666667,29176.5,97,20200508-070755-073800.jpg
20200508,073805,080810,52278,1800689.0,21265.5,97,20200508-073805-080810.jpg
20200508,080815,083820,51476,1789114.0,25921.0,116,20200508-080815-083820.jpg
20200508,083825,090830,53738,1805787.6666666667,26630.0,112,20200508-083825-090830.jpg
20200508,090835,093840,53412,1796067.0,23163.0,113,20200508-090835-093840.jpg
20200508,101123,104128,53989,1801716.0000000002,11863.0,91,20200508-101123-104128.jpg
20200508,104133,111138,53603,1806683.3333333335,41665.5,83,20200508-104133-111138.jpg
20200508,111143,114148,52735,1806429.3333333335,43420.0,79,20200508-111143-114148.jpg
20200508,114153,121158,53520,1806838.6666666667,41535.0,78,20200508-114153-121158.jpg
20200508,121203,124208,54195,1808867.0000000002,56240.0,69,20200508-121203-124208.jpg
20200508,124213,131218,54069,1803091.0000000002,32982.0,86,20200508-124213-131218.jpg
20200508,131223,134228,52072,1794308.6666666667,104228.0,91,20200508-131223-134228.jpg
20200508,141040,144045,53709,1799281.0000000002,69296.5,99,20200508-141040-144045.jpg
20200508,144050,151055,53633,1797463.6666666667,64799.5,81,20200508-144050-151055.jpg
20200508,151100,154105,53601,1801421.3333333335,34158.5,69,20200508-151100-154105.jpg
20200508,154110,161115,52776,1804177.6666666667,54980.5,66,20200508-154110-161115.jpg
20200508,161120,164125,39926,1788307.6666666667,31914.0,51,20200508-161120-164125.jpg
20200508,164130,171135,53156,1800782.3333333333,28978.0,46,20200508-164130-171135.jpg
20200508,171140,174145,46225,1796581.3333333335,11429.0,41,20200508-171140-174145.jpg
20200508,180924,183929,26565,1806161.666666667,603.0,5,20200508-180924-183929.jpg
20200508,183934,190939,38747,1796586.0,512.0,3,20200508-183934-190939.jpg
20200508,190944,193949,5806,1798721.6666666667,271.0,2,20200508-190944-193949.jpg
20200508,193954,200959,18135,1802905.3333333335,139720.0,59,20200508-193954-200959.jpg
20200508,201004,204009,42974,1801126.6666666667,72781.5,35,20200508-201004-204009.jpg
20200508,204014,211019,41435,1800695.0000000002,5605.0,25,20200508-204014-211019.jpg
20200508,211024,214029,60,1798263.6666666667,524.5,1,20200508-211024-214029.jpg
20200508,222259,225304,110,1806186.3333333333,274.0,1,20200508-222259-225304.jpg
20200508,225309,232314,10,1786920.6666666667,175.5,1,20200508-225309-232314.jpg
20200508,232319,235324,15,1806973.3333333333,192.5,1,20200508-232319-235324.jpg
20200508,235329,000004,25,397872.6666666667,382.0,1,20200508-235329-000004.jpg
20200509,000009,003014,0,1805011.6666666667,0,0,none
20200509,003019,010024,0,1806298.0,0,0,none
20200509,010029,013034,10,1802121.3333333335,953.0,1,20200509-010029-013034.jpg
20200509,013039,020044,2857,1808800.3333333333,777.5,1,20200509-013039-020044.jpg
20200509,021018,024023,0,1803213.3333333333,0,0,none
20200509,024028,031033,6693,1805656.0000000002,296.5,2,20200509-024028-031033.jpg
20200509,031038,034043,4900,1806414.0,923.5,1,20200509-031038-034043.jpg
20200509,034048,041053,26829,1802931.0,65972.5,35,20200509-034048-041053.jpg
20200509,041058,044103,42507,1808120.3333333335,139720.0,40,20200509-041058-044103.jpg
20200509,044108,051113,19505,1799797.3333333335,1887.0,16,20200509-044108-051113.jpg
20200509,051118,054123,13422,1807655.6666666667,716.5,31,20200509-051118-054123.jpg
20200509,060836,063841,52153,1794279.6666666667,13414.5,71,20200509-060836-063841.jpg
20200509,063846,070851,51759,1785914.0,14558.5,78,20200509-063846-070851.jpg
20200509,070856,073901,51937,1780814.3333333335,14877.0,82,20200509-070856-073901.jpg
20200509,073906,080911,53431,1794719.0,17219.5,81,20200509-073906-080911.jpg
20200509,080916,083921,52041,1789767.0,16814.0,104,20200509-080916-083921.jpg
20200509,083926,090931,51556,1789466.0000000002,42054.0,108,20200509-083926-090931.jpg
20200509,100913,103918,53047,1799888.6666666667,37456.5,105,20200509-100913-103918.jpg
20200509,103923,110928,52742,1805957.6666666667,41945.0,86,20200509-103923-110928.jpg
20200509,110933,113938,52838,1797868.3333333333,45463.0,76,20200509-110933-113938.jpg
20200509,113943,120948,53247,1800005.6666666667,40474.5,80,20200509-113943-120948.jpg
20200509,120953,123958,53916,1801495.0000000002,57158.0,65,20200509-120953-123958.jpg
20200509,124003,131008,53712,1806202.3333333335,29460.5,88,20200509-124003-131008.jpg
20200509,131013,134018,53977,1802095.3333333335,104401.5,95,20200509-131013-134018.jpg
20200509,140804,143809,53882,1802516.0,85643.5,110,20200509-140804-143809.jpg
20200509,143814,150819,38888,1807441.0,58143.0,88,20200509-143814-150819.jpg
20200509,150824,153829,53635,1795981.6666666667,55667.0,96,20200509-150824-153829.jpg
20200509,153834,160839,38153,1787194.6666666667,49227.0,56,20200509-153834-160839.jpg
20200509,160844,163849,45653,1798444.0000000002,35905.0,46,20200509-160844-163849.jpg
20200509,163854,170859,47289,1799300.6666666667,38194.0,43,20200509-163854-170859.jpg
20200509,170904,173909,49750,1784595.3333333335,31119.0,35,20200509-170904-173909.jpg
20200509,180218,183223,12948,1792419.6666666667,365.0,8,20200509-180218-183223.jpg
20200509,183228,190233,1443,1793845.0,131.5,2,20200509-183228-190233.jpg
20200509,190238,193243,0,1780513.3333333333,0,0,none
20200509,193248,200253,5,1783134.3333333335,259.5,1,20200509-193248-200253.jpg
20200509,200258,203303,40103,1797919.3333333335,139720.0,49,20200509-200258-203303.jpg
20200509,203308,210313,33428,1791731.0,5010.5,3,20200509-203308-210313.jpg
20200509,222522,225527,471,1794950.0,1129.5,2,20200509-222522-225527.jpg
20200509,225532,232537,55,1792424.6666666667,761.5,1,20200509-225532-232537.jpg
20200509,232542,235547,45,1782593.6666666667,269.0,2,20200509-232542-235547.jpg
20200509,235552,000002,0,254859.33333333334,0,0,none
20200510,000007,003012,0,1776781.0000000002,0,0,none
20200510,003017,010022,0,1790954.0000000002,0,0,none
20200510,010027,013032,930,1797992.3333333333,1242.0,4,20200510-010027-013032.jpg
20200510,013037,020042,0,1799891.3333333335,0,0,none
20200510,021035,024040,700,1789252.6666666667,150.5,4,20200510-021035-024040.jpg
20200510,024045,031050,5,1796929.0,128.0,1,20200510-024045-031050.jpg
20200510,031055,034100,15,1790187.0000000002,242.5,1,20200510-031055-034100.jpg
20200510,034105,041110,26091,1797975.6666666667,131668.0,39,20200510-034105-041110.jpg
20200510,041115,044120,34134,1796466.6666666667,53664.5,55,20200510-041115-044120.jpg
20200510,060952,063957,52521,1785584.3333333335,25658.5,83,20200510-060952-063957.jpg
20200510,064002,071007,52485,1799932.6666666667,32187.0,84,20200510-064002-071007.jpg
20200510,071012,074017,51526,1795447.0,30782.5,98,20200510-071012-074017.jpg
20200510,074022,081027,53244,1805730.3333333335,20578.5,95,20200510-074022-081027.jpg
20200510,081032,084037,52037,1799475.0000000002,27887.5,100,20200510-081032-084037.jpg
20200510,084042,091047,51598,1797654.6666666667,23624.5,115,20200510-084042-091047.jpg
20200510,091052,094057,53796,1797823.3333333335,28699.0,110,20200510-091052-094057.jpg
20200510,101241,104246,53867,1796360.0000000002,26466.5,104,20200510-101241-104246.jpg
20200510,104251,111256,52643,1788144.3333333335,25897.0,80,20200510-104251-111256.jpg
20200510,111301,114306,52099,1790341.3333333335,39800.0,93,20200510-111301-114306.jpg
20200510,114311,121316,52564,1799681.3333333335,81325.0,102,20200510-114311-121316.jpg
20200510,121321,124326,53240,1790913.0,99753.0,93,20200510-121321-124326.jpg
20200510,124331,131336,44630,1793049.6666666667,59981.0,88,20200510-124331-131336.jpg
20200510,131341,134346,33405,1780675.0000000002,40466.0,87,20200510-131341-134346.jpg
20200510,140944,143949,27868,1784995.6666666667,28100.5,79,20200510-140944-143949.jpg
20200510,143954,150959,52721,1800799.3333333335,40994.5,87,20200510-143954-150959.jpg
20200510,151004,154009,53277,1806719.0,44310.5,92,20200510-151004-154009.jpg
20200510,154014,161019,48435,1794683.3333333335,50251.0,72,20200510-154014-161019.jpg
20200510,161024,164029,53951,1804280.0000000002,42862.0,63,20200510-161024-164029.jpg
20200510,164034,171039,51120,1792733.0000000002,59999.5,46,20200510-164034-171039.jpg
20200510,171044,174049,52137,1795896.6666666667,30056.0,38,20200510-171044-174049.jpg
20200510,180811,183816,17900,1800669.6666666667,3319.0,13,20200510-180811-183816.jpg
20200510,183821,190826,5,1802691.6666666667,103.0,2,20200510-183821-190826.jpg
20200510,190831,193836,0,1793602.6666666667,0,0,none
